URL;Titulo;Enlace;Copete;Seccion
https://www.c5n.com/;Desgarrador testimonio de una víctima de violencia de género: su ex la persigue y fue hasta España a matarla;https://www.c5n.com/sociedad/desgarrador-testimonio-una-victima-violencia-genero-su-ex-la-persigue-y-fue-espana-matarla-n113749;Desde el 2011 hasta 2020 el acusado recibió más de 30 denuncias por violencia de género y fue condenado a un año y nueve meses de prisión en suspenso. Sin embargo pudo salir del país y viajar a España para intentar matarla,;Sociedad 
https://www.c5n.com/;El cierre electoral se acerca en un escenario político sin certezas;https://www.c5n.com/opinion/el-cierre-electoral-se-acerca-un-escenario-politico-certezas-n113729;"A la imposibilidad que parece conformar una fórmula de síntesis en el Frente de Todo y la cruda y muy pública interna que atraviesan Larreta y Bullrich en Juntos por el Cambio, se sumó la reaparición en escena de Randazzo y la posibilidad de crear un ""frente de frentes"". Y en el medio, la Corte Suprema.";Opinión 
https://www.c5n.com/;Crece la interna en JxC: la contundente respuesta de Bullrich sobre Schiaretti;https://www.c5n.com/politica/crece-la-interna-juntos-el-cambio-la-contundente-respuesta-patricia-bullrich-schiaretti-n113747;"La precandidata presidencial del PRO habló sobre la posibilidad de que el gobernador de Córdoba se incorpore a la coalición opositora. ""Parece algo más ligado a la necesidad de algunos dirigentes de traer cualquier aliado por situaciones de amistad"", sostuvo.";Política 
https://www.c5n.com/;Massa prepara un viaje a Estados Unidos para negociar un adelanto del FMI;https://www.c5n.com/economia/massa-prepara-un-viaje-estados-unidos-negociar-un-adelanto-del-fmi-n113724;Representantes del equipo económico llegarán a Washington el 12 de junio, nueve días antes del próximo vencimiento de deuda. El ministro no descarta sumarse a la comitiva.;Economía 
https://www.c5n.com/;La otra denuncia que más preocupa a Villa y por la que podría ir preso;https://www.c5n.com/sociedad/la-otra-denuncia-que-mas-preocupa-villa-y-la-que-podria-ir-preso-n113746;"El abogado Roberto Castillo, quien representa a Tamara Roldán en otra causa contra el futbolista de Boca por violencia de género, expresó que ""la expectativa de pena es de 6 a 15 años"".";Sociedad 
https://www.c5n.com/;Femicidio de Saladillo: Rocío Magalí González había denunciado a su asesino en la Justicia y en su trabajo;https://www.c5n.com/sociedad/femicidio-saladillo-rocio-magali-gonzalez-habia-denunciado-su-asesino-la-justicia-y-su-trabajo-n113731;"La víctima había advertido a la empresa sobre el acoso y el maltrato de Renzo Eduardo Chidichimo. ""Él es un tremendo psicópata, como familia tenía a su madre, nada más"", aseguró Yanet, la prima de la joven de 25 años, asesinada de siete balazos.";Sociedad 
https://www.c5n.com/;Nuevo aumento de tarifas de subte y Premetro a partir del 5 de junio: cuánto costará;https://www.c5n.com/sociedad/nuevo-aumento-tarifas-subte-y-premetro-partir-del-5-junio-cuanto-costara-n113725;El incremento se enmarca en el tercer tramo de la actualización prevista para estos servicios de transporte público en la Ciudad de Buenos Aires, según la audiencia pública realizada en febrero.;Sociedad 
https://www.c5n.com/;Muerte del hincha de River: la emotiva despedida de su hija en redes sociales;https://www.c5n.com/deportes/muerte-del-hincha-river-la-emotiva-despedida-su-hija-redes-sociales-n113736;"Mía, la hija de Pablo Marcelo Serrano, lo recordó con una foto en el Monumental y lo defendió de las críticas. ""Toda tu familia y amigos sabemos la clase de persona que eras"", aseguró.";Deportes 
https://www.c5n.com/;Qué dicen los primeros resultados de la autopsia de Pablo Serrano;https://www.c5n.com/deportes/muerte-del-hincha-river-que-dicen-los-primeros-resultados-la-autopsia-pablo-serrano-n113728;Terminó la intervención sobre el cuerpo del hombre de 53 años que cayó desde la tribuna Sívori Alta a la Sívori Baja en el Monumental. Todavía, sin embargo, no se realizó el informe toxicológico.;Deportes 
https://www.c5n.com/;Hasta las lágrimas: la emocionante reacción de Zlatan Ibrahimovic y sus compañeros en la despedida del Milan;https://www.c5n.com/deportes/hasta-las-lagrimas-la-emocionante-reaccion-zlatan-ibrahimovic-y-sus-companeros-la-despedida-del-milan-n113759;El experimentado delantero sueco, de 41 años, se despidió del público en el estadio Giuseppe Meazza.;Deportes 
https://www.c5n.com/;Independiente perdió con Godoy Cruz y quedó a un punto del último de la tabla;https://www.c5n.com/deportes/independiente-perdio-godoy-cruz-y-quedo-un-punto-del-ultimo-la-tabla-n113760;El Rojo cayó 2-1 con el Tomba en Mendoza y solo una unidad lo separa de Arsenal. El equipo dirigido por Ricardo Zielinski lleva tres partidos sin victorias.;Deportes 
https://www.c5n.com/;Creció la compraventa de autos usados: cuáles fueron los modelos más vendidos;https://www.c5n.com/autos/crecio-la-compraventa-autos-usados-cuales-fueron-los-modelos-mas-vendidos-n113758;En los cinco primeros meses del año se concretaron 663.831 operaciones de compraventa de vehículos usados.;Autos 
https://www.c5n.com/;Identificaron las causas del accidente de trenes en India: qué pasó;https://www.c5n.com/mundo/identificaron-las-causas-del-accidente-trenes-india-que-paso-n113717;El ministro de Transporte Ferroviario apuntó a un error humano en la utilización del sistema de señalización electrónico. Además, se revisó el número de víctimas y la cifra bajó de 288 a 275 muertos.;Mundo 
https://www.c5n.com/;Interna en la Selección argentina: la esposa del Papu Gómez tomó una drástica decisión;https://www.c5n.com/ratingcero/interna-la-seleccion-argentina-la-esposa-del-papu-gomez-tomo-una-drastica-decision-n113733;Los rumores de una pelea entre el jugador y sus compañeros surgieron después del Mundial de Qatar 2022. En las últimas horas cobraron nueva fuerza debido a un gesto de Linda Raff.;"
						RatingCero 
					"
https://www.c5n.com/;La foto íntima que eligió María Becerra para desmentir los rumores de un regreso  con Rusherking;https://www.c5n.com/ratingcero/la-foto-intima-que-eligio-maria-becerra-desmentir-los-rumores-un-regreso-rusherking-n113727;"Tras el acercamiento con su ex por el lanzamiento del nuevo tema de ""Los del Espacio"", y de que el santiagueño la vuelva a seguir en Instagram, ""La Nena de Argentina"" dejó en claro que está más enamorada que nunca de J Rei.";"
						RatingCero 
					"
https://www.c5n.com/;"Wado de Pedro, sobre su posible precandidatura presidencial: ""Hay una épica linda""";https://www.c5n.com/politica/wado-depedro-sobredosis-tv-junio-2023;El ministro del Interior se mostró entusiasmado con los apoyos que viene cosechando de diferentes sectores del Frente de Todos desde que puso en marcha sus recorridas con miras a las elecciones.;Política 
https://www.c5n.com/;"En plan campaña, Schiaretti insistió en la formación de ""una nueva alianza política""";https://www.c5n.com/politica/en-plan-campana-schiaretti-insistio-la-formacion-una-nueva-alianza-politica-n113691;"El gobernador de Córdoba retomó a través de un mensaje al país su proyecto de conformar un programa de gobierno común ""por parte de quienes coincidimos"".";Política 
https://www.c5n.com/;"""Hay mucho entusiasmo con las propuestas de Scioli y Tolosa Paz"", aseguró Cafiero";https://www.c5n.com/politica/hay-mucho-entusiasmo-las-propuestas-scioli-y-tolosa-paz-aseguro-cafiero-n113688;"El canciller insiste con las PASO y advirtió que los candidatos del Frente de Todos ""no pueden estar en el escritorio"".";Política 
https://www.c5n.com/;"Insfrán apuntó contra Juntos por el Cambio: ""Quieren poner todo en manos de la Justicia""";https://www.c5n.com/politica/insfran-apunto-contra-juntos-el-cambio-quieren-poner-todo-manos-la-justicia-n113679;El gobernador de Formosa le respondió al precandidato radical Fernando Carabajal luego de que éste presente un recurso ante la Corte Suprema impugnando su postulación.;Política 
https://www.c5n.com/;"Ni Una Menos: familiares de víctimas de femicidio denunciaron la ""impunidad"" del Poder Judicial";https://www.c5n.com/sociedad/ni-una-menos-familiares-victimas-femicidio-denunciaron-la-impunidad-del-poder-judicial-n113677;"El encuentro tuvo lugar al lado de la Pirámide de Mayo en la Plaza, allí señalaron que la Justicia ""mira para otro lado"" y armarán un petitorio para presentar a las autoridades nacionales.";Sociedad 
https://www.c5n.com/;Quiénes integran Bases Republicanas, la asociación civil que quiere voltear al fiscal Marijuan;https://www.c5n.com/politica/quienes-integran-bases-republicanas-la-asociacion-civil-que-quiere-voltear-al-fiscal-marijuan-n113604;"Entre los miembros fundadores de la ONG que pretende apartar al fiscal de la causa por ""la ruta del dinero"" aparecen varios exfuncionarios del gobierno de Mauricio Macri.";Política 
https://www.c5n.com/;Ruta del dinero: una ONG macrista busca apartar de la causa al fiscal Marijuan;https://www.c5n.com/politica/ruta-del-dinero-una-ong-macrista-busca-apartar-la-causa-al-fiscal-marijuan-n113587;Bases Republicanas pidió ser querellante y reclamó que se dicte el procesamiento de Cristina Kirchner, además de que se declare nulo el dictamen del fiscal respecto al pedido de sobreseimiento de la vicepresidenta.;Política 
https://www.c5n.com/;¿Autoimputación de Milman? Designó un abogado en la causa por el atentado contra Cristina;https://www.c5n.com/politica/autoimputacion-milman-designo-un-abogado-la-causa-el-atentado-contra-cristina-kirchner-n113578;A pesar de no estar formalmente imputado en el expediente, el diputado de Juntos por el Cambio nombró como defensor a Manuel Barros, quien supo ser abogado de Gendarmería en el caso Santiago Maldonado.;Política 
https://www.c5n.com/;Cómo saber si un billete de 2.000 pesos es trucho: los 10 elementos de seguridad;https://www.c5n.com/economia/como-saber-si-un-billete-2000-pesos-es-trucho-los-10-elementos-seguridad-n113648;El Banco Central de la República Argentina lanzó un aviso para evitar estafas con la nueva moneda que ya se encuentra en circulación. Todo lo tenés que saber.;Economía 
https://www.c5n.com/;Sequía en Entre Ríos: murieron 200 vacas intoxicadas con la pastura;https://www.c5n.com/sociedad/sequia-rios-murieron-200-vacas-intoxicadas-la-pastura-n113699;La consecuencia de la falta de agua generó la mortandad del ganado en Victoria, Nogoyá y San Jaime, por la presencia de compuestos concentrados en la alimentación por pastoreo. La explicación del INTA.;Sociedad 
https://www.c5n.com/;El balance de la gira de Massa por China: apertura de mercados y financiación de infraestructura;https://www.c5n.com/economia/el-balance-la-gira-sergio-massa-china-apertura-mercados-y-financiacion-infraestructura-n113637;El ministro de Economía, junto a su comitiva, logró cerrar acuerdos importantes que permitirán el ingreso de dólares al país. Además consolidó la financiación en sectores clave como energía, minería y transporte, y trae al país la propuesta de Dilma Rousseff para ingresar al banco de los Brics.;Economía 
https://www.c5n.com/;Jubilados y pensionados de ANSES recibieron la confirmación de una ansiada noticia;https://www.c5n.com/economia/jubilados-y-pensionados-anses-recibieron-la-confirmacion-una-ansiada-noticia-n113501;La Administración Nacional de la Seguridad Social detalló una información para este grupo de beneficiario. De qué se trata.;Economía 
https://www.c5n.com/;Cuáles son las nuevas tarifas de la visa de Estados Unidos para los argentinos a partir de junio ;https://www.c5n.com/sociedad/cuales-son-las-nuevas-tarifas-la-visa-estados-unidos-los-argentinos-partir-junio-2023-n113561;Después de 10 años, el Departamento de Estado de los Estados Unidos ha revelado los nuevos precios de las visas que entrarán en vigencia este mes.;Sociedad 
https://www.c5n.com/;Becas Progresar de ANSES: cuándo finaliza el proceso de evaluación;https://www.c5n.com/economia/becas-progresar-anses-cuando-finaliza-el-proceso-evaluacion-n113499;La Administración Nacional de la Seguridad Social señaló el plazo que se tarda en dar a conocer los resultados de la solicitud.;Economía 
https://www.c5n.com/;China: al menos 14 muertos por un deslizamiento de tierras y buscan a 5 desaparecidos;https://www.c5n.com/mundo/china-al-menos-14-muertos-un-deslizamiento-tierras-y-buscan-5-desaparecidos-n113720;El alud se produjo este domingo en lo alto de una montaña en la provincia de Sichuan, al suroeste del país. 180 personas participan de las tareas de búsqueda.;Mundo 
https://www.c5n.com/;Por qué la NASA ahora usa la sigla UAP para hablar de los ovnis;https://www.c5n.com/mundo/por-que-la-nasa-ahora-usa-la-sigla-uap-hablar-los-ovnis-n113591;Desde la agencia espacial estadounidense buscan avanzar en los esquemas y los métodos para poder resolver algunas de las incógnitas relacionadas a los avistamientos de objetos voladores.;Mundo 
https://www.c5n.com/;El femicidio que conmociona Italia: mató a su pareja embarazada de 7 meses;https://www.c5n.com/mundo/el-femicidio-que-conmociona-italia-mato-su-pareja-embarazada-7-meses-n113638;Un bartender asesinó a puñaladas a su pareja luego que ella descubriera que él tenía una doble vida con su compañera de trabajo. Confesó el crimen y está detenido.;Mundo 
https://www.c5n.com/;¡Tremendo! Este es el significado del emoji de WhatsApp de la cara de desaprobación;https://www.c5n.com/tecnologia/tremendo-este-es-el-significado-del-emoji-whatsapp-la-cara-desaprobacion-n113509;La aplicación de mensajería instantánea de Meta tiene los más divertidos íconos animados. La interpretación de este.;Tecnología 
https://www.c5n.com/;¿Cómo y para qué usar LuzIA, la Inteligencia Artificial de WhatsApp?;https://www.c5n.com/tecnologia/como-y-que-usar-luzia-la-inteligencia-artificial-whatsapp-n113615;La aplicación de mensajería también se ha sumado a la tendencia de la inteligencia artificial. De qué se trata.;Tecnología 
https://www.c5n.com/;Cómo reconocer estafas en Whatsapp y proteger los chats;https://www.c5n.com/tecnologia/como-reconocer-estafas-whatsapp-y-proteger-los-chats-n113584;La aplicación de mensajería acerca información clave sobre seguridad a los usuarios a través del Centro de Seguridad. Cada vez que Meta haga una actualización se verá reflejada en los anuncios de protección.;Tecnología 
https://www.c5n.com/;Marcela Tinayre se cansó, explotó contra Alfa y reveló lo que más la irrita;https://www.c5n.com/ratingcero/marcela-tinayre-se-canso-exploto-contra-alfa-y-revelo-lo-que-mas-la-irrita-n113757;La conductora de Polémica en el Bar realizó una inesperada confesión sobre su compañero y sorprendió a todos.;"
						RatingCero 
					"
https://www.c5n.com/;Netflix estrenó la segunda temporada de Batalla de barbacoas, el reality que es furor;https://www.c5n.com/ratingcero/netflix-estreno-la-segunda-temporada-batalla-barbacoas-el-reality-que-es-furor-n113511;La plataforma de streaming presenta esta producción estadounidense que es todo un éxito. Sinopsis, tráiler y reseña de la producción.;"
						RatingCero 
					"
https://www.c5n.com/;Jesica Cirio contó la noticia más esperada por los fanáticos de La Peña de Morfi;https://www.c5n.com/ratingcero/jesica-cirio-conto-la-noticia-mas-esperada-los-fanaticos-la-pena-morfi-n113762;En medio de un escenario con mucha incertidumbre, la conductora del ciclo dejó en claro la posición frente a un tema que se había instalado en los últimos días.;"
						RatingCero 
					"
https://www.c5n.com/;Taylor Swift en Argentina: los trucos infalibles para comprar entradas sí o sí;https://www.c5n.com/ratingcero/taylor-swift-argentina-los-trucos-infalibles-comprar-entradas-si-o-si-n113646;La estadounidense se presenta en Argentina en noviembre por primera vez. Los boletos saldrán a la venta el lunes y ya se revelaron formas de poder adquirirlos.;"
						RatingCero 
					"
https://www.c5n.com/;Ivana Nadal anticipó el lanzamiento de la colección de verano;https://www.c5n.com/ratingcero/la-microbikini-la-que-ivana-nadal-anticipo-el-lanzamiento-la-coleccion-verano-n113600;La modelo mantiene a sus seguidores con la intriga de saber cómo será la nueva colección de sus microbikinis.;"
						RatingCero 
					"
https://www.c5n.com/;Netflix: todos los detalles de Gente sirena, un particular documental de 4 capítulos;https://www.c5n.com/ratingcero/netflix-todos-los-detalles-gente-sirena-un-particular-documental-4-capitulos-n113510;La plataforma de streaming estrenó una producción que cautivó por completo a los suscriptores. De qué se trata.;"
						RatingCero 
					"
https://www.c5n.com/;"La película italiana sobre un DJ y una productora ""clandestina"" que llegó a Netflix";https://www.c5n.com/ratingcero/la-pelicula-italiana-un-dj-y-una-productora-clandestina-que-llego-netflix-n113614;La historia de este film transcurre en los años '80 en la ciudad que amó a Diego Maradona.;"
						RatingCero 
					"
https://www.c5n.com/;"Agustina Cherri, sobre la versión de ""Chiquititas"" con su hija Muna: ""La posibilidad de hacer algo con Cris siempre está""";https://www.c5n.com/ratingcero/agustina-cherri-la-version-chiquititas-su-hija-muna-la-posibilidad-hacer-algo-cris-siempre-esta-n113697;La actriz se refirió al presente y al futuro laboral de la hija que tuvo con el actor Gastón Pauls. Reflexionó sobre la relación de los famosos y las redes sociales.;"
						RatingCero 
					"
https://www.c5n.com/;El motivo por el que Alejandro Sánz esta pasando un mal momento: deudas millonarias y estafas ;https://www.c5n.com/ratingcero/el-motivo-el-que-alejandro-sanz-esta-pasando-un-mal-momento-deudas-millonarias-y-estafas-n113580;El cantautor español había escrito una serie de mensajes que preocupó a sus fanáticos, sin embargo en las últimas horas se supo que atraviesa problemas financieros desde hace un tiempo. Todos los detalles.;"
						RatingCero 
					"
https://www.infobae.com/;El Grupo Wagner denunció que las fuerzas militares de Putin dispararon contra sus mercenarios;https://www.infobae.com//america/mundo/2023/06/04/el-grupo-wagner-denuncio-que-las-fuerzas-militares-de-putin-dispararon-contra-sus-mercenarios/;Los paramilitares, liderados por Yevgeny Prigozhin, aseguraron haber capturado a un teniente coronel ruso que intentó a atacarlos cuando se retiraban de Bakhmut, en el frente de batalla en Ucrania. Recrudece la interna en Rusia;Mundo
https://www.infobae.com/;Accidente aéreo en EEUU: una avioneta se estrelló en una zona montañosa del estado de Virginia;https://www.infobae.com//estados-unidos/2023/06/04/accidente-aereo-en-eeuu-una-avioneta-se-estrello-en-una-zona-montanosa-cercana-al-estado-de-virginia/;Hasta el momento no hay información sobre cuántas personas iban a bordo y se desconoce su estado;Estados Unidos
https://www.infobae.com/;A los 41 años, Zlatan Ibrahimovic decidió retirarse del fútbol profesional;https://www.infobae.com//deportes/2023/06/04/a-los-41-anos-zlatan-ibrahimovic-decidio-retirarse-del-futbol-profesional/;El delantero sueco se despidió en el duelo entre el Milan y el Hellas Verona y colgará los botines luego de una impresionante trayectoria;Deportes
https://www.infobae.com/;EEUU: tiroteo en un centro comercial de San Antonio deja al menos un muerto;https://www.infobae.com//estados-unidos/2023/06/04/reportan-tiroteo-en-un-centro-comercial-en-texas/;Las autoridades no han confirmado si hubo más víctimas mortales o heridos;Estados Unidos
https://www.infobae.com/;Preocupación por el descenso en la esperanza de vida en EEUU: “El problema es mayor de lo que pensábamos”;https://www.infobae.com//estados-unidos/2023/06/04/preocupacion-por-el-descenso-en-la-esperanza-de-vida-en-eeuu-el-problema-es-mayor-de-lo-que-pensabamos/;Un nuevo informe revela que la curva comenzó a caer en al década de 1950;Estados Unidos
https://www.infobae.com/;“Abuso de pelota”: una pareja de dobles femenina fue descalificada en Roland Garros tras golpear a una alcanzapelotas;https://www.infobae.com//deportes/2023/06/04/abuso-de-pelota-una-pareja-de-dobles-femenina-fue-descalificada-en-roland-garros-tras-golpear-a-una-alcanzapelotas/;La dupla integrada por Miyu Kato y Aldila Sutjiadi no pudo continuar el partido contra Sara Sorribes-Marie Bouzkova;Deportes
https://www.infobae.com/;La verdadera historia de “V, Invasión extraterrestre”: la inquietante advertencia que escondía y el salvaje asesinato de una de sus protagonistas;https://www.infobae.com//entretenimiento/2023/06/04/la-verdadera-historia-de-v-invasion-extraterrestre-la-inquietante-advertencia-que-escondia-y-el-salvaje-asesinato-de-una-de-sus-protagonistas/;El show de los 80 sobre la penetración alienígena se transformó en una serie de culto que traspasó generaciones. 40 años después, Kenneth Johnson, su creador, reveló detalles desconocidos;Entretenimiento
https://www.infobae.com/;El gesto de Thiago, Ciro con un yeso y el particular regalo que recibió en el vestuario: las perlitas de la despedida de Messi del PSG;https://www.infobae.com//deportes/2023/06/04/el-gesto-de-thiago-ciro-con-un-yeso-y-el-particular-regalo-que-recibio-en-el-vestuario-las-perlitas-de-la-despedida-de-messi-del-psg/;El argentino abandonará París tras dos temporadas. Su futuro continúa siendo una incógnita que se resolverá en los próximos días;Deportes
https://www.infobae.com/;Mundial Sub 20: Uruguay le ganó 2-0 a Estados Unidos y se clasificó a las semifinales;https://www.infobae.com//deportes/2023/06/04/mundial-sub-20-corea-del-sur-enfrenta-a-nigeria-y-estados-unidos-se-mide-con-uruguay-en-el-cierre-de-los-cuartos-de-final/;La Celeste se impuso en Santiago del Estero y jugará ante Israel por un lugar en la final. En el primer turno, Corea del Sur eliminó a Nigeria y se medirá con Italia en la otra llave;Deportes
https://www.infobae.com/;Las poco conocidas monarquías reinantes de Oriente;https://www.infobae.com//america/realeza/2023/06/04/las-poco-conocidas-monarquias-reinantes-de-oriente/;Reyes, Sultanes, Emires gobiernan los distintos países de Asia, y son los hombres quienes ostentan todo el poder, dejando de lado a las mujeres;Realeza
https://www.infobae.com/;Elecciones locales en México: ¿se acaba la hegemonía del PRI?;https://www.infobae.com//mexico/2023/06/04/elecciones-2023-edomex-vera-salvar-o-morir-al-pri-mientras-que-coahuila-muestra-gran-polarizacion/;En dos entidades del país se realizarán intensas jordanas electorales este domingo 4 de junio para elegir gobernadores;México
https://www.infobae.com/;Nicolás Maduro se plegó al rezo musulmán durante la ceremonia de asunción de Erdogan en Turquía;https://www.infobae.com//venezuela/2023/06/04/nicolas-maduro-se-plego-al-rezo-musulman-durante-la-ceremonia-de-asuncion-de-erdogan-en-turquia/;El dictador venezolano y su esposa Cilia Flores, sentados en la primera fila de la ceremonia, pusieron sus palmas hacia arriba para seguir la guía del Ministro de Asuntos Religiosos turco;Venezuela
https://www.infobae.com/;Lo último en oncología 2023: en cada vez más tumores, el cáncer se ha transformado en una enfermedad crónica;https://www.infobae.com//america/ciencia-america/2023/06/04/lo-ultimo-en-oncologia-2023-en-cada-vez-mas-tumores-el-cancer-se-ha-transformado-en-una-enfermedad-cronica/;Infobae visitó el Congreso mundial de oncología clínica, ASCO 2023, en la ciudad de Chicago, Estados Unidos, organizado por la Sociedad Americana de Oncología Clínica. Considerado un verdadero mundial del cáncer, aquí las últimas noticias: tratamientos personalizados, cronicidad y nuevas terapias innovadoras que se combinarán con las estandarizadas;Ciencia
https://www.infobae.com/;Crecen la movilizaciones contra la dictadura de Miguel Díaz-Canel en Cuba: se registraron casi 400 protestas en mayo;https://www.infobae.com//america/america-latina/2023/06/04/crece-la-movilizacion-contra-la-dictadura-de-miguel-diaz-canel-en-cuba-se-registraron-casi-400-protestas-en-mayo/;El Observatorio Cubano de Conflictos realizó un balance de las manifestaciones callejeras del mes pasado;América Latina
https://www.infobae.com/;A 34 años de la masacre de Tiananmén: paso a paso, cómo fue la brutal matanza perpetrada por el régimen chino;https://www.infobae.com//america/mundo/2023/06/04/a-34-anos-de-la-masacre-de-tiananmen-paso-a-paso-como-fue-la-brutal-matanza-perpetrada-por-el-regimen-chino/;En la madrugada del 4 de junio de 1989, tropas del Ejército Popular de Liberación entraron con tanques a la icónica explanada de Beijing y dispararon con rifles de asalto a la multitud que protestaba allí desde el 15 de abril para pedir reformas democráticas. Miles de estudiantes fueron asesinados. INFOGRAFÍA;Mundo
https://www.infobae.com/;El régimen de China arrestó a una destacada activista prodemocracia en Hong Kong en el 34º aniversario de la Masacre de Tiananmén;https://www.infobae.com//america/mundo/2023/06/04/el-regimen-de-china-arresto-a-una-destacada-activista-prodemocracia-en-hong-kong-en-el-34-aniversario-de-la-masacre-de-tiananmen/;Alexandra Wong fue interceptada por la policía en el barrio de Causeway Bay. La metieron en una furgoneta junto a otras cinco personas y se la llevaron. NO se conoce su paradero ni siu estado de salud;Mundo
https://www.infobae.com/;EEUU denunció que un buque chino maniobró de forma peligrosa cerca de su navío USS Chung-Hoon en el estrecho de Taiwán;https://www.infobae.com//estados-unidos/2023/06/04/eeuu-denuncio-que-un-buque-chino-maniobro-de-forma-peligrosa-cerca-de-uno-de-sus-navios-en-el-estrecho-de-taiwan/;El Comando Indo-Pacífico de Washington aseguró que las acciones del régimen de Xi Jinping pusieron en peligro la tripulación de la embarcación que tuvo que reducir su velocidad para evitar una posible colisión;Estados Unidos
https://www.infobae.com/;El largo camino de una periodista por revelar las irregularides en los Tribunales de Protección Infantil: diez casos aterradores;https://www.infobae.com//venezuela/2023/06/04/el-largo-camino-de-una-periodista-por-revelar-las-irregularides-en-los-tribunales-de-proteccion-infantil-diez-casos-aterradores/;"Karla Salcedo Flores denuncia el negocio que hay con los niños por parte de un grupo de Jueces, fiscales, consejeros y varios bufetes de abogados, que cobran entre 30 y 60 mil dólares por cada caso; el que paga se queda con el menor sea familia o personas ajenas";Venezuela
https://www.infobae.com/;Doce personas murieron al sureste de Venezuela tras el colapso de una mina de oro;https://www.infobae.com//venezuela/2023/06/04/doce-personas-murieron-asfixiadas-al-sureste-de-venezuela-tras-el-colapso-de-una-mina-de-oro/;El incidente ocurrió en El Callao. El secretario de Seguridad Ciudadana, Edgar Colina Reyes, informó que los cuerpos recuperados, una vez identificados por sus familiares, serán trasladados a cementerios cercanos debido al avanzado estado de descomposición;Venezuela
https://www.infobae.com/;Angelina Jolie: el sicario que contrató para que la matara, sus peligrosas adicciones y el Stone que lloró por ella;https://www.infobae.com//historias/2023/06/04/angelina-jolie-el-sicario-que-contrato-para-que-la-matara-sus-peligrosas-adicciones-y-el-stone-que-lloro-por-ella/;La actriz norteamericana hoy cumple 48 años. Su indiscutible belleza no fue de ayuda a la hora de sufrir desórdenes alimenticios, depresiones y peligrosos coqueteos con las drogas y la muerte. Los hombres más deseados del planeta cayeron a sus pies. Su peligrosa fascinación por los cuchillos, sus operaciones preventivas contra el cáncer y el violento divorcio con Brad Pitt;Historias
https://www.infobae.com/;Una investigación documentó cómo Daniel Ortega busca la “aniquilación” de la Iglesia Católica en Nicaragua;https://www.infobae.com//america/america-latina/2023/06/04/una-investigacion-documento-como-daniel-ortega-busca-la-aniquilacion-de-la-iglesia-catolica-en-nicaragua/;Infobae dialogó con Martha Patricia Molina, quien registró  529 agresiones contra el culto y sus prelados en los últimos cinco años;América Latina
https://www.infobae.com/;Esto es Ucrania: escenas de la vida cotidiana trastocadas por la guerra y la lluvia de misiles;https://www.infobae.com//america/mundo/2023/06/04/esto-es-ucrania-escenas-de-la-vida-cotidiana-trastocadas-por-la-guerra-y-la-lluvia-de-misiles/;Las sirenas que alertan de posibles bombardeos suenan constantemente en Kiev y Kharkiv. Los ucranianos atraviesan el miedo todos los días, logran salir del estado de trauma en minutos y se aferran a la esperanza;Mundo
https://www.infobae.com/;Comenzó la contraofensiva ucraniana con una inesperada expansión de la guerra al territorio ruso;https://www.infobae.com//america/mundo/2023/06/04/comenzo-la-contraofensiva-ucraniana-con-una-inesperada-expansion-de-la-guerra-al-territorio-ruso/;La región fronteriza de Belgorod lleva días bajo los ataques de los rusos pro-ucranianos. Los analistas militares creen que es parte de una gran operación para encerrar a las fuerzas rusas en su propia región mientras avanzan para cortar la línea de suministro que viene desde Crimea;Mundo
https://www.infobae.com/;El drama de un padre ucraniano que encontró a su hija de dos años muerta entre los escombros tras un bombardeo ruso;https://www.infobae.com//america/mundo/2023/06/04/el-drama-de-un-padre-ucraniano-que-encontro-a-su-hija-de-dos-anos-muerta-entre-los-escombros-tras-un-bombardeo-ruso/;Luego del ataque en la ciudad de Dnipro, el presidente Zelensky informó que al menos 500 niños han sido asesinados desde el inicio de la invasión rusa;Mundo
https://www.infobae.com/;Por la tecnología y el cambio climático, Europa atraviesa una racha de energía regalada;https://www.infobae.com//economia/2023/06/04/cuando-calienta-sol-aqui-en-la-haya-por-la-tecnologia-y-el-cambio-climatico-europa-atraviesa-una-racha-de-energia-regalada/;El veloz crecimiento de la generación solar, los deshielos y la rigidez de la producción nuclear llevaron a varios días de precios negativos, antes de comenzar el verano. El 2023 será el primer año de la historia en que la inversión global en energía solar supere a la petrolera;Economía
https://www.infobae.com/;Lanzamiento de la Nasa y Space X a la estación espacial internacional, así puede verlo en vivo: fecha y horario;https://www.infobae.com//tecno/2023/06/04/en-vivo-lanzamiento-de-la-nasa-y-space-x-a-la-estacion-espacial-internacional-fecha-y-horario/;La capsula Dragon entregará alimentos y equipos a la tripulación y todos los datos se usarán en la Tierra para investigaciones;Tecno
https://www.infobae.com/;Diez inventos de la NASA que revolucionaron el mundo;https://www.infobae.com//america/ciencia-america/2023/06/04/los-10-inventos-que-usamos-a-diario-y-que-fueron-ideados-por-la-nasa/;Son de uso cotidiano, nos ayudan y simplifican las tareas y nunca nos imaginamos que fueron probados primero por astronautas a miles de kilómetros fuera de la Tierra;Ciencia
https://www.infobae.com/;El final de la “Bestia Rubia”, el cruel jefe de la Gestapo: una pistola trabada y el error que le costó la vida;https://www.infobae.com//sociedad/2023/06/04/el-final-de-la-bestia-rubia-el-cruel-jefe-de-la-gestapo-una-pistola-trabada-y-el-error-que-le-costo-la-vida/;El 4 de junio de 1942 Reinhard Heydrich, uno de los hombres más poderosos del nazismo que era señalado como el sucesor de Hitler, sufría un atentado. Se lo conocía como el Carnicero de Praga, lo llamaban el Verdugo, pero él prefería el apodo que le había dado el propio  Führer: El hombre con corazón de hierro. La represalia por su muerte fue feroz;Sociedad
https://www.infobae.com/;La increíble vida del estafador que vendió 4500 veces el Puente de Brooklyn y la Estatua de la Libertad;https://www.infobae.com//historias/2023/06/04/la-increible-vida-del-estafador-que-vendio-4500-veces-el-puente-de-brooklyn-y-la-estatua-de-la-libertad/;George C. Parker cometió las estafas más resonantes de la historia de Nueva York, vendió cientos de veces sus grandes monumentos. Usó identidades falsas, se hizo pasar por el nieto de un prócer y escapó de un juzgado disfrazado de policía. Su captura y sus días en la cárcel de Sing Sing, donde fascinó a los guardias con sus historias;Historias
https://www.infobae.com/;Brasil busca crear una alianza antiliberal y antinorteamericana con regímenes de izquierda latinoamericanos y otros rivales de EEUU;https://www.infobae.com//america/america-latina/2023/06/04/brasil-busca-crear-un-alianza-antiliberal-y-antinorteamericana-con-regimenes-de-izquierda-latinoamericanos-y-otros-rivales-de-eeuu/;Lula extendió la alfombra roja en Brasilia al dictador venezolano Nicolás Maduro e intentó relanzar la fallida alianza de la Unasur. La jugada se concretó después de su viaje a China, de recibir al canciller de Putin y de permitir buques iraníes en Río de Janeiro;América Latina
https://www.infobae.com/;Una es error, dos casualidad, tres un curso de acción: Lula entre Mandela y la realpolitik anti EEUU;https://www.infobae.com//america/opinion/2023/06/04/una-es-error-dos-casualidad-tres-un-curso-de-accion-lula-entre-mandela-y-la-realpolitik-anti-eeuu/;¿Qué busca el mandatario brasileño con su acercamiento a China y su apuesta por la integración regional?;Opinión
https://www.infobae.com/;El fracaso de Lula, de la UNASUR y un golpe histórico a las dictaduras castrochavistas;https://www.infobae.com//america/opinion/2023/06/04/el-fracaso-de-lula-de-la-unasur-y-un-golpe-historico-a-las-dictaduras-castrochavistas/;El brasileño intentó lavar la imagen de Nicolás Maduro pero no lo logró;Opinión
https://www.infobae.com/;Espionaje, persecución y propaganda: un nuevo libro ilumina el lado oscuro del gobierno de Rafael Correa;https://www.infobae.com//america/america-latina/2023/06/04/espionaje-persecucion-y-propaganda-un-nuevo-libro-ilumina-el-lado-oscuro-del-gobierno-de-rafael-correa/;“La Revolución Malograda” reconstruye las alianzas con militares, la construcción de un relato desde los textos escolares y el entramado de corrupción durante una década en el poder de Ecuador;América Latina
https://www.infobae.com/;El Secretario de Defensa norteamericano afirmó que EEUU “no tolerará la coerción ni el bullying de China”;https://www.infobae.com//estados-unidos/2023/06/03/el-secretario-de-defensa-norteamericano-afirmo-que-eeuu-no-tolerara-la-coercion-ni-el-bullying-de-china/;Lloyd Austin advirtió en el Diálogo de Shangri-La, un foro anual que reúne en Singapur a altos funcionarios de defensa, diplomáticos y líderes, que Washington respaldará a sus aliados y socios frente a las intimidaciones del régimen de Xi Jinping;Estados Unidos
https://www.infobae.com/;Las estrellas que decidieron no tener hijos y sus explicaciones sobre esa decisión que desafía clichés;https://www.infobae.com//entretenimiento/2023/06/04/las-estrellas-que-decidieron-no-tener-hijos-y-sus-explicaciones-sobre-esa-decision-que-desafia-cliches/;Desde Helen Mirren a Keanu Reeves y el chileno Pedro Pascal, algunas figuras de Hollywood han explicado públicamente las razones de esa profunda decisión personal;Entretenimiento
https://www.infobae.com/;WWDC23: Tres anuncios que Apple dará en su encuentro con desarrolladores;https://www.infobae.com//tecno/2023/06/04/wwdc23-tres-anuncios-que-apple-dara-en-su-encuentro-con-desarrolladores/;Las gafas de realidad mixta serán las protagonistas del keynote en el evento de la compañía;Tecno
https://www.infobae.com/;El Marco Aurelio venezolano;https://www.infobae.com//america/opinion/2023/06/04/el-marco-aurelio-venezolano/;Nicolás Maduro busca popularidad en el extranjero en lugar de en su propio país. Regala, despilfarra y perdona deudas a las naciones más pobres, mientras somete a su propia gente a la penuria;Opinión
https://www.infobae.com/;El aumento de los cortes de luz en Venezuela reaviva el temor a un apagón general;https://www.infobae.com//venezuela/2023/06/04/el-aumento-de-los-cortes-de-luz-en-venezuela-reaviva-el-temor-a-un-apagon-general/;El Comité de Afectados por Apagones ha registrado un crecimiento continuado en el número de fallas, pasando de 3.296 cortes en enero a 10.013 en el mes de mayo;Venezuela
https://www.infobae.com/;Grupos chavistas atacaron al líder opositor Henrique Capriles durante una visita al interior de Venezuela;https://www.infobae.com//venezuela/2023/06/03/grupos-chavistas-agredieron-a-golpes-al-lider-opositor-henrique-capriles-durante-una-visita-al-interior-venezuela/;El dirigente aseguró que los atacantes fueron enviados por el dictador venezolano, Nicolás Maduro, y por el gobernador de Carabobo, Rafael Lacava, para “sabotear” la actividad;Venezuela
https://www.infobae.com/;“No es malo, no es malo”: la graciosa entrevista en español de Djokovic tras ganarle al peruano Varillas y avanzar en Roland Garros;https://www.infobae.com//deportes/2023/06/04/no-es-malo-no-es-malo-la-graciosa-entrevista-en-espanol-de-djokovic-tras-ganarle-al-peruano-varillas-y-avanzar-en-roland-garros/;El serbio se impuso por 6-3, 6-2 y 6-2 ante el sudamericano y aprovechó para demostrar su dominio del idioma en una simpática conversación;Deportes
https://www.infobae.com/;Tras la despedida de Lionel Messi, el PSG inició gestiones con un nuevo entrenador;https://www.infobae.com//deportes/2023/06/04/tras-la-despedida-de-lionel-messi-el-psg-inicio-gestiones-con-un-nuevo-entrenador/;Aunque le queda un año de contrato, Christophe Galtier no seguirá en el banco de suplentes. Y la dirigencia ya formalizó negociaciones con un nuevo director técnico;Deportes
https://www.infobae.com/;Benzema se va del Real Madrid: se marcha el artista que enamoró a Florentino Pérez;https://www.infobae.com//espana/2023/06/04/benzema-se-marcha-del-real-madrid/;El francés, que ha aceptado la millonaria propuesta de Arabia Saudí, se despedirá este domingo del Santiago Bernabéu tras 14 años y 25 títulos. Muchas veces cuestionado por la opinión pública, con Karim se va el delantero que antepuso el juego a los goles, un virtuoso que llegó a su cenit la temporada pasada con una Champions que, como él, es historia del Madrid;España
https://www.infobae.com/;De Shakira a Mbappé, Neymar y Nicki Nicole: las celebridades en el Gran Premio de España de la Fórmula 1;https://www.infobae.com//deportes/2023/06/04/de-shakira-a-mbappe-neymar-y-nicki-nicole-las-celebridades-en-el-gran-premio-de-espana-de-la-formula-1/;Figuras del ámbito artístico y futbolístico estuvieron presentes en el Circuito de Catalunya, donde Max Verstappen y Red Bull volvieron a aplastar;Deportes
https://www.infobae.com/;Quiénes serían los posibles reemplazantes de Benzema tras su salida del Real Madrid;https://www.infobae.com//deportes/2023/06/04/quienes-serian-los-posibles-reemplazantes-de-benzema-tras-su-salida-del-real-madrid/;El futbolista francés dejó la Casa Blanca tras 14 temporadas y una cosecha de 25 títulos;Deportes
https://www.infobae.com/;Aplastante triunfo de Max Verstappen y Red Bull en el Gran Premio de España de la Fórmula 1;https://www.infobae.com//deportes/2023/06/04/aplastante-triunfo-de-max-verstappen-y-red-bull-en-el-gran-premio-de-espana-de-la-formula-1/;El bicampeón mundial logró su quinta victoria en siete fechas y se aleja en la vanguardia del campeonato. El podio lo completaron los pilotos de Mercedes, Lewis Hamilton y George Russell;Deportes
https://www.infobae.com/;Prime Video en junio: “Jack Ryan”, “Barrabrava”, “Calle y Poché: Sin Etiquetas” y más;https://www.infobae.com//que-puedo-ver/2023/06/04/prime-video-en-junio-jack-ryan-barrabrava-calle-y-poche-sin-etiquetas-y-mas/;Series, películas y más contenido nuevo que llegará al servicio de streaming de Amazon en las próximas semanas;Qué puedo ver
https://www.infobae.com/;Mark Hamill está listo para dejar a su icónico personaje “Star Wars”: otras películas para ver al reconocido actor en streaming;https://www.infobae.com//que-puedo-ver/2023/06/04/mark-hamill-esta-listo-para-dejar-a-su-iconico-personaje-star-wars-otras-peliculas-para-ver-al-reconocido-actor-en-streaming/;En una reciente entrevista, el actor detalló que es momento de guardar su túnica de Jedi;Qué puedo ver
https://www.infobae.com/;“Ahsoka” muestra nueva imagen previo a su estreno en Disney+;https://www.infobae.com//que-puedo-ver/2023/06/04/ahsoka-muestra-nueva-imagen-previo-a-su-estreno-en-disney/;La serie protagonizada por Rosario Dawson llegará a la plataforma de streaming en agosto próximo;Qué puedo ver
https://www.infobae.com/;Cuidar la salud digestiva y la microbiota, ¿la forma menos pensada de preservar la fertilidad?;https://www.infobae.com//salud/2023/06/04/cuidar-la-salud-digestiva-y-la-microbiota-la-forma-menos-pensada-de-preservar-la-fertilidad/;Los profesionales de la salud de todas las especialidades reconocen la importancia del cuidado integral de la salud. De qué manera una dieta antiinflamatoria, el ejercicio físico y la buena gestión del estrés favorece la salud reproductiva. En el Día Mundial de la Fertilidad, el testimonio de una mujer que cambió sus hábitos y logró el ansiado embarazo;Salud
https://www.infobae.com/;Biomarcadores de Alzheimer: cuáles son los últimos hallazgos que podrían impulsar un diagnóstico precoz;https://www.infobae.com//salud/2023/06/04/biomarcadores-de-alzheimer-cuales-son-los-ultimos-hallazgos-que-podrian-impulsar-un-diagnostico-precoz/;Al ser una patología que no tiene cura, la ciencia busca avanzar en hallazgos que permitan predecir su aparición y lograr tratamientos que desaceleren su evolución. El análisis de los especialistas a Infobae;Salud
https://www.infobae.com/;Cuál es el fármaco que podría ser efectivo para tratar una enfermedad cardíaca progresiva y mortal;https://www.infobae.com//america/ciencia-america/2023/06/04/cual-es-el-farmaco-que-podria-ser-efectivo-para-tratar-una-enfermedad-cardiaca-progresiva-y-mortal/;Expertos de España realizaron un ensayo con un medicamento que mostró resultados prometedores para la amiloidosis cardíaca, que afecta a las paredes de este órgano. Los detalles;Ciencia
https://www.infobae.com/;Qué hay detrás de nuestra necesidad de amar y sentirnos amados;https://www.infobae.com//leamos/2023/06/04/que-hay-detras-de-nuestra-necesidad-de-amar-y-sentirnos-amados/;En su libro “Amar no cuesta tanto”, la psicóloga y psicoterapeuta ecuatoriana Claudia González habla sobre el por qué de la importancia de este sentimiento en los seres humanos;Leamos
https://www.infobae.com/;Comer bien para sentirse bien: así inciden los alimentos en la salud mental, según el libro de la psiquiatra nutricional y chef estadounidense Uma Naidoo;https://www.infobae.com//leamos/2023/06/04/comer-bien-para-sentirse-bien-asi-inciden-los-alimentos-en-la-salud-mental-segun-el-libro-de-la-psiquiatra-nutricional-y-chef-estadounidense-uma-naidoo/;“Lo que la comida le hace a tu cerebro” es el nuevo libro de la experta en psiquiatría nutricional para comprender a fondo cómo la salud del cerebro está vinculada con los alimentos que consumimos;Leamos
https://www.infobae.com/;Eliminar el caos, gestionar el tiempo y volver a lo importante en “Un martes más tranquilo”, de Laura Vanderkam;https://www.infobae.com//colombia/2023/06/04/eliminar-el-caos-gestionar-el-tiempo-y-volver-a-lo-importante-en-un-martes-mas-tranquilo-de-laura-vanderkam/;Volver a la tranquilidad y lograr una mayor satisfacción, este es uno de los planteamientos de la autora de bestsellers de gestión del tiempo nacida en Carolina del Norte, quien presenta lo que considera una nueva herramienta para mejorar la vida de sus lectores;Colombia
https://www.infobae.com/;45 bolsas con cadáveres: restos hallados en Zapopan coinciden con algunos trabajadores de call center;https://www.infobae.com//mexico/2023/06/02/restos-hallados-en-zapopan-coinciden-con-algunos-trabajadores-de-call-center-aseguro-fiscalia/;Los desaparecidos fueron identificados como los hermanos Itzel Abigail, Carlos David, Carlos Benjamín, Arturo, Jesús Alfredo, Mayra Karina y Jorge Miguel;México
https://www.infobae.com/;Cuál era la canción favorita de “El Señor de los Cielos”, según Anabel Hernández;https://www.infobae.com//mexico/2023/06/02/cual-era-la-cancion-favorita-de-el-senor-de-los-cielos-segun-anabel-hernandez/;Amado Carrillo Fuentes se consolidó como uno de los principales traficantes de drogas en México, no obstante, investigaciones periodísticas también han revelado algunos de sus gustos más peculiares;México
https://www.infobae.com/;Un solo laboratorio de fentanilo en el Edomex habría causado más de mil muertes en EEUU entre 2005 y 2007;https://www.infobae.com//mexico/2023/06/02/un-solo-laboratorio-de-fentanilo-en-el-edomex-habria-causado-mas-de-mil-muertes-en-eeuu-entre-2005-y-2007/;Informes de la DEA apuntaron que una sola instalación habría sido la responsable de desatar una “epidemia” de defunciones por consumo de fentanilo;México
https://www.infobae.com/;Lanzamiento de la Nasa y Space X a la estación espacial internacional, así puede verlo en vivo: fecha y horario;https://www.infobae.com//tecno/2023/06/04/en-vivo-lanzamiento-de-la-nasa-y-space-x-a-la-estacion-espacial-internacional-fecha-y-horario/;La capsula Dragon entregará alimentos y equipos a la tripulación y todos los datos se usarán en la Tierra para investigaciones;Tecno
https://www.infobae.com/;Paso a paso para pedir comida en Google;https://www.infobae.com//tecno/2023/06/04/paso-a-paso-para-pedir-comida-en-google/;La disponibilidad puede variar según el país, la región y el idioma;Tecno
https://www.infobae.com/;Cómo activar en WhatsApp el modo “bichota” de Karol G;https://www.infobae.com//tecno/2023/06/04/como-activar-en-whatsapp-el-modo-bichota-de-karol-g/;Mañana será bonito y Ocean, los álbumes más famosos, podrán ser protagonistas en la app;Tecno
https://www.infobae.com/;Gran actuación del argentino Franco Colapinto: terminó segundo en la carrera principal de Fórmula 3 en España;https://www.infobae.com//deportes/2023/06/04/gran-actuacion-del-argentino-franco-colapinto-termino-segundo-en-la-carrera-principal-de-formula-3-en-espana/;El piloto de MP Motorsport sumó por cuarta vez consecutiva en el Circuito de Barcelona-Cataluña y ascendió al sexto lugar en la clasificación;Deportes
https://www.infobae.com/;Rosalía se coronó como reina catalana en el cierre de Primavera Sound en Barcelona;https://www.infobae.com//teleshow/2023/06/04/rosalia-se-corono-como-reina-catalana-en-el-cierre-de-primavera-sound-en-barcelona/;El festival llegó a su fin con el show de la Motomami, pero el sábado también contó con las presentaciónes de John Cale, Laurie Anderson, Tokischa, The Voidz y más;Teleshow
https://www.infobae.com/;El jefe de la OTAN volvió a pedir a Erdogan que levante el veto a la candidatura de Suecia: “Estocolmo ha cumplido la exigencias de Turquía”;https://www.infobae.com//america/mundo/2023/06/04/el-jefe-de-la-otan-volvio-a-pedir-a-erdogan-que-levante-el-veto-a-la-candidatura-de-suecia-estocolmo-ha-cumplido-la-exigencias-de-turquia/;Jens Stoltenberg instó al lider turco a leventar el bloqueo que impide la adhesión a la alianza, pero las conversaciones no tuvieron avances significativos;Mundo
https://www.infobae.com/;Perú volverá a ser sede de la APEC en el 2024: Se espera la visita de 21 mandatarios de Asia-Pacífico;https://www.infobae.com//peru/2023/06/04/peru-volvera-a-ser-sede-de-la-apec-en-el-2024-se-espera-la-visita-de-21-mandatarios-de-asia-pacifico/;Noticia fue confirmada por el embajador Carlos Chávez Tafur, presidente del grupo de trabajo que organiza la cumbre;Perú
https://www.infobae.com/;Jeffrey Epstein intentó contactar a otro pedófilo serial antes de suicidarse: se conocieron más detalles de los últimos días del financista;https://www.infobae.com//estados-unidos/2023/06/03/jeffrey-epstein-intento-contactar-a-otro-pedofilo-serial-antes-de-suicidarse-se-conocieron-mas-detalles-de-los-ultimos-dias-del-financista/;Las claves de las más de 4.000 fojas de correos electrónicos entre funcionarios de prisiones y evaluaciones psicológicas sobre el empresario norteamericano que se quitó la vida en prisión;Estados Unidos
https://www.infobae.com/;La impactante imagen del ascenso argentino que recorrió el mundo: explosión de fuegos artificiales antes del final del partido;https://www.infobae.com//deportes/2023/06/04/la-impactante-imagen-del-ascenso-argentino-que-recorrio-el-mundo-explosion-de-fuegos-artificiales-antes-del-final-del-partido/;Independiente Rivadavia venció 2-1 a Deportivo Maipú y los fanáticos comenzaron a festejar mientras la visita construía el último ataque del encuentro;Deportes
https://www.infobae.com/;Qué pasó con Spider-Man 4: los secretos de por qué nunca llegó a ver la luz;https://www.infobae.com//entretenimiento/2023/06/03/que-paso-con-spider-man-4-los-secretos-de-por-que-nunca-llego-a-ver-la-luz/;El director Sam Raimi comenzó a prepararla para 2011, como redención de la tercera parte que había sido un éxito comercial. Pero tuvo que pedirle disculpas al estudio por los contratiempos;Entretenimiento
https://www.infobae.com/;Jennifer Lopez y Ben Affleck compraron una lujosa mansión de más de USD 60 millones: así luce su nuevo hogar;https://www.infobae.com//entretenimiento/2023/06/03/jennifer-lopez-y-ben-affleck-compraron-una-lujosa-mansion-de-mas-de-usd-60-millones-asi-luce-su-nuevo-hogar/;La nueva propiedad de la pareja cuenta con una docena de habitaciones,  20 baños, un spa y una sala de cine;Entretenimiento
https://www.infobae.com/;Tara Raid reveló que estar soltera “y de fiesta” ha perjudicado su carrera;https://www.infobae.com//entretenimiento/2023/06/03/tara-raid-revelo-que-estar-soltera-y-de-fiesta-ha-perjudicado-su-carrera/;La actriz de “American Pie” aseguró que los únicos amores de su vida son sus dos perros;Entretenimiento
